1000,Golden Floral/White Lily/Lavender/Rose,YES,Velvet/Silk/Beles/Melville/Milano,REGULAR/ROCKING CHAIRS/CLUB CHAIRS
1001,Orchids/Voilet/Iris/Lavender/Rose,YES,Beles/Melville/Milano,REGULAR/FANBACK/ROCKING CHAIRS
1002,Beautiful Drapes/Orchids/Corn Flower/Rose,YES,Velvet/Silk/Beles/Melville/Milano,REGULAR/CLUB CHAIR/ROCKING CHAIRS
1003,Red Rose/Voilet/Iris/Lavender/Rose,YES,Melville/Milano/Beles,REGULAR/ARM CHAIR/ROCKING CHAIRS
1004,Voilet/Iris/Lavender/Rose,YES,Beles/Melville/Milano,REGULAR/CLUB CHAIR/ROCKING CHAIR
1005,Arum Lily/White Lily/Lavender/Rose,NO,Milano/Beles/Melville,REGULAR/CLUB CHAIR/ROCKING CHAIRS
1006,Daisy /White Lily/Lavender/Rose,YES,Melville/Milano/Beles,REGULAR/ARM CHAIR/ROCKING CHAIRS
1007,Tulips/White Lily/Lavender/Rose,YES,Velvet/Silk/Beles/Melville/Milano,REGULAR/CLUB CHAIR/ROCKING CHAIRS
1008,Calla Lily/Voilet/Iris/Lavender/Rose,YES,Sheer/Beles/Melville/Milano,REGULAR/ARM CHAIR/ROCKING CHAIRS
1009,Corn Flower/Lily/Lavender/Rose,YES,Beles/Melville/Milano,REGULAR/ARM CHAIR/ROCKING CHAIRS
1010,Purple/Lavender/Rose,YES,Milano/Beles/Melville,REGULAR/ARM CHAIR/ROCKING CHAIRS
1011,Iris/Lavender/Rose,NO,Melville/Milano/Beles,REGULAR/FANBACK/ROCKING CHAIRS
1012,Daffodils/Iris/Lavender/Rose,NO,Velvet/Silk/Beles/Melville/Milano,REGULAR/CLUB CHAIR/ROCKING CHAIRS
1013,Lavender/Corn Flower/Lily,YES,Beles/Melville/Milano,REGULAR/ARM CHAIR/ROCKING CHAIRS
1014,White Lily/Lavender/Rose,YES,Milano/Beles/Melville,REGULAR/FANBACK/ROCKING CHAIRS
1015,Marigold/Iris/Lavender/Rose,YES,Melville/Milano/Beles,REGULAR/CLUB CHAIR/ROCKING CHAIRS
1016,Rose/Lavender/Lily,NO,Velvet/Silk/Beles/Melville/Milano,REGULAR/ARM CHAIR/ROCKING CHAIRS
1017,Golden Floral/White Lily/Lavender/Rose,NO,Beles/Melville/Milano,REGULAR/FANBACK/ROCKING CHAIRS
1018,Orchids/Voilet/Iris/Lavender/Rose,NO,Milano/Beles/Melville,REGULAR/CLUB CHAIR/ROCKING CHAIRS
1019,Beautiful Drapes/Orchids/Corn Flower/Rose,NO,Melville/Milano/Beles,REGULAR/ARM CHAIR/ROCKING CHAIRS
1020,Red Rose/Voilet/Iris/Lavender/Rose,NO,Velvet/Silk/Beles/Melville/Milano,REGULAR/FANBACK/ROCKING CHAIRS
1021,Voilet/Iris/Lavender/Rose,YES,Velvet/Silk/Beles/Melville/Milano,REGULAR/CLUB CHAIR/ROCKING CHAIRS
1022,Arum Lily/White Lily/Lavender/Rose,YES,Velvet/Silk/Beles/Melville/Milano,REGULAR/ARM CHAIR/ROCKING CHAIRS
1023,Daisy /White Lily/Lavender/Rose,YES,Beles/Melville/Milano,REGULAR/CLUB CHAIR/ROCKING CHAIRS
1024,Tulips/White Lily/Lavender/Rose,YES,Milano/Beles/Melville,REGULAR/ARM CHAIR/ROCKING CHAIRS
1025,Golden Floral/White Lily/Lavender/Rose,YES,Melville/Milano/Beles,REGULAR/FANBACK/ROCKING CHAIRS
1026,Orchids/Voilet/Iris/Lavender/Rose,YES,Velvet/Silk/Beles/Melville/Milano,REGULAR/CLUB CHAIR/ROCKING CHAIRS
1027,Beautiful Drapes/Orchids/Corn Flower/Rose,NO,Velvet/Silk/Beles/Melville/Milano,REGULAR/ARM CHAIR/ROCKING CHAIRS
1028,Red Rose/Voilet/Iris/Lavender/Rose,NO,Velvet/Silk/Beles/Melville/Milano,REGULAR/FANBACK/ROCKING CHAIRS
1029,Voilet/Iris/Lavender/Rose,NO,Beles/Melville/Milano,REGULAR/CLUB CHAIR/ROCKING CHAIRS
1030,Arum Lily/White Lily/Lavender/Rose,YES,Milano/Beles/Melville,REGULAR/ARM CHAIR/ROCKING CHAIRS
1031,Daisy /White Lily/Lavender/Rose,NO,Melville/Milano/Beles,REGULAR/CLUB CHAIR/ROCKING CHAIRS
1032,Tulips/White Lily/Lavender/Rose,YES,Velvet/Silk/Beles/Melville/Milano,REGULAR/ARM CHAIR/ROCKING CHAIRS
1033,Golden Floral/White Lily/Lavender/Rose,YES,Velvet/Silk/Beles/Melville/Milano,REGULAR/FANBACK/ROCKING CHAIRS
1034,Orchids/Voilet/Iris/Lavender/Rose,NO,Velvet/Silk/Beles/Melville/Milano,REGULAR/CLUB CHAIR/ROCKING CHAIRS
1035,Beautiful Drapes/Orchids/Corn Flower/Rose,YES,Velvet/Silk/Beles/Melville/Milano,REGULAR/ARM CHAIR/ROCKING CHAIRS
1036,Red Rose/Voilet/Iris/Lavender/Rose,YES,Beles/Melville/Milano,REGULAR/CLUB CHAIR/ROCKING CHAIRS
1037,Voilet/Iris/Lavender/Rose,YES,Milano/Beles/Melville,REGULAR/ARM CHAIR/ROCKING CHAIRS
1038,Arum Lily/White Lily/Lavender/Rose,NO,Velvet/Silk/Beles/Melville/Milano,REGULAR/CLUB CHAIR/ROCKING CHAIRS
1039,Daisy /White Lily/Lavender/Rose,YES,Velvet/Silk/Beles/Melville/Milano,REGULAR/ARM CHAIR/ROCKING CHAIRS
1040,Tulips/White Lily/Lavender/Rose,NO,Velvet/Silk/Beles/Melville/Milano,REGULAR/FANBACK/ROCKING CHAIRS
1041,Tulips/White Lily/Lavender/Rose,YES,Velvet/Silk/Beles/Melville/Milano,REGULAR/CLUB CHAIR/ROCKING CHAIRS
1042,Golden Floral/White Lily/Lavender/Rose,YES,Velvet/Silk/Beles/Melville/Milano,REGULAR/ARM CHAIR/ROCKING CHAIRS
1043,Orchids/Voilet/Iris/Lavender/Rose,NO,Beles/Melville/Milano,REGULAR/ARM CHAIR/ROCKING CHAIRS
1044,Beautiful Drapes/Orchids/Corn Flower/Rose,YES,Milano/Beles/Melville,REGULAR/FANBACK/ROCKING CHAIRS
1045,Red Rose/Voilet/Iris/Lavender/Rose,YES,Melville/Milano/Beles,REGULAR/CLUB CHAIR/ROCKING CHAIRS
1046,Voilet/Iris/Lavender/Rose,YES,Velvet/Silk/Beles/Melville/Milano,REGULAR/ARM CHAIR/ROCKING CHAIRS
1047,Arum Lily/White Lily/Lavender/Rose,YES,Velvet/Silk/Beles/Melville/Milano,REGULAR/CLUB CHAIR/ROCKING CHAIRS
1048,Daisy /White Lily/Lavender/Rose,YES,Velvet/Silk/Beles/Melville/Milano,REGULAR/ARM CHAIR/ROCKING CHAIRS
1049,Tulips/White Lily/Lavender/Rose,,Beles/Melville/Milano,REGULAR/FANBACK/ROCKING CHAIRS
1050,Tulips/White Lily/Lavender/Rose,,Velvet/Silk/Beles/Melville/Milano,REGULAR/CLUB CHAIR/ROCKING CHAIRS
1051,Golden Floral/White Lily/Lavender/Rose,,Melville/Milano/Beles,REGULAR/ARM CHAIR/ROCKING CHAIRS
1052,Orchids/Voilet/Iris/Lavender/Rose,,Velvet/Silk/Beles/Melville/Milano,REGULAR/FANBACK/ROCKING CHAIRS
1053,Beautiful Drapes/Orchids/Corn Flower/Rose,,Velvet/Silk/Beles/Melville/Milano,REGULAR/CLUB CHAIR/ROCKING CHAIRS
1054,Red Rose/Voilet/Iris/Lavender/Rose,,Velvet/Silk/Beles/Melville/Milano,REGULAR/ARM CHAIR/ROCKING CHAIRS
1055,Voilet/Iris/Lavender/Rose,,Beles/Melville/Milano,REGULAR/CLUB CHAIR/ROCKING CHAIRS
1056,Arum Lily/White Lily/Lavender/Rose,,Milano/Beles/Melville,REGULAR/ARM CHAIR/ROCKING CHAIRS
1057,Daisy /White Lily/Lavender/Rose,,Melville/Milano/Beles,REGULAR/CLUB CHAIR/ROCKING CHAIRS
1058,Tulips/White Lily/Lavender/Rose,,Velvet/Silk/Beles/Melville/Milano,REGULAR/ARM CHAIR/ROCKING CHAIRS
1059,Tulips/White Lily/Lavender/Rose,,Velvet/Silk/Beles/Melville/Milano,REGULAR/FANBACK/ROCKING CHAIRS
1060,Golden Floral/White Lily/Lavender/Rose,,Velvet/Silk/Beles/Melville/Milano,REGULAR/CLUB CHAIR/ROCKING CHAIRS
1061,Orchids/Voilet/Iris/Lavender/Rose,,Beles/Melville/Milano,REGULAR/ARM CHAIR/ROCKING CHAIRS
1062,Beautiful Drapes/Orchids/Corn Flower/Rose,,Velvet/Silk/Beles/Melville/Milano,REGULAR/FANBACK/ROCKING CHAIRS
1063,Red Rose/Voilet/Iris/Lavender/Rose,,Melville/Milano/Beles,REGULAR/CLUB CHAIR/ROCKING CHAIRS
1064,Voilet/Iris/Lavender/Rose,,Velvet/Silk/Beles/Melville/Milano,REGULAR/ARM CHAIR/ROCKING CHAIRS
1065,Arum Lily/White Lily/Lavender/Rose,,Velvet/Silk/Beles/Melville/Milano,REGULAR/ARM CHAIR/ROCKING CHAIRS
1066,Daisy /White Lily/Lavender/Rose,,Beles/Melville/Milano,REGULAR/FANBACK/ROCKING CHAIRS
1067,Tulips/White Lily/Lavender/Rose,,Milano/Beles/Melville,REGULAR/CLUB CHAIR/ROCKING CHAIRS
1068,Tulips/White Lily/Lavender/Rose,,Melville/Milano/Beles,REGULAR/ARM CHAIR/ROCKING CHAIRS
1069,Golden Floral/White Lily/Lavender/Rose,,Velvet/Silk/Beles/Melville/Milano,REGULAR/FANBACK/ROCKING CHAIRS
1070,Orchids/Voilet/Iris/Lavender/Rose,,Beles/Melville/Milano,REGULAR/CLUB CHAIR/ROCKING CHAIRS
1071,Beautiful Drapes/Orchids/Corn Flower/Rose,,Velvet/Silk/Beles/Melville/Milano,REGULAR/ARM CHAIR/ROCKING CHAIRS
1072,Red Rose/Voilet/Iris/Lavender/Rose,,Melville/Milano/Beles,REGULAR/CLUB CHAIR/ROCKING CHAIRS
1073,Voilet/Iris/Lavender/Rose,,Milano/Beles/Melville,REGULAR/ARM CHAIR/ROCKING CHAIRS
1074,Arum Lily/White Lily/Lavender/Rose,,Melville/Milano/Beles,REGULAR/FANBACK/ROCKING CHAIRS
1075,Daisy /White Lily/Lavender/Rose,,Velvet/Silk/Beles/Melville/Milano,REGULAR/CLUB CHAIR/ROCKING CHAIRS
1076,Tulips/White Lily/Lavender/Rose,,Velvet/Silk/Beles/Melville/Milano,REGULAR/ARM CHAIR/ROCKING CHAIRS
1077,Tulips/White Lily/Lavender/Rose,,Beles/Melville/Milano,REGULAR/CLUB CHAIR/ROCKING CHAIR
1078,Golden Floral/White Lily/Lavender/Rose,,Velvet/Silk/Beles/Melville/Milano,REGULAR/CLUB CHAIR/ROCKING CHAIRS
1079,Orchids/Voilet/Iris/Lavender/Rose,,Melville/Milano/Beles,REGULAR/ARM CHAIR/ROCKING CHAIRS
1080,Beautiful Drapes/Orchids/Corn Flower/Rose,,Melville/Milano/Beles,REGULAR/CLUB CHAIR/ROCKING CHAIRS
1081,Red Rose/Voilet/Iris/Lavender/Rose,,Velvet/Silk/Beles/Melville/Milano,REGULAR/ARM CHAIR/ROCKING CHAIRS
1082,Voilet/Iris/Lavender/Rose,,Velvet/Silk/Beles/Melville/Milano,REGULAR/FANBACK/ROCKING CHAIRS
1083,Arum Lily/White Lily/Lavender/Rose,,Beles/Melville/Milano,REGULAR/CLUB CHAIR/ROCKING CHAIRS
1084,Daisy /White Lily/Lavender/Rose,,Milano/Beles/Melville,REGULAR/ARM CHAIR/ROCKING CHAIRS
1085,Tulips/White Lily/Lavender/Rose,,Melville/Milano/Beles,REGULAR/FANBACK/ROCKING CHAIRS
1086,Red Rose/Voilet/Iris/Lavender/Rose,,Velvet/Silk/Beles/Melville/Milano,REGULAR/CLUB CHAIR/ROCKING CHAIRS
1087,Voilet/Iris/Lavender/Rose,,Velvet/Silk/Beles/Melville/Milano,REGULAR/ARM CHAIR/ROCKING CHAIRS
1088,Arum Lily/White Lily/Lavender/Rose,,Velvet/Silk/Beles/Melville/Milano,REGULAR/FANBACK/ROCKING CHAIRS
1089,Daisy /White Lily/Lavender/Rose,,Velvet/Silk/Beles/Melville/Milano,REGULAR/CLUB CHAIR/ROCKING CHAIRS
1090,Tulips/White Lily/Lavender/Rose,,Beles/Melville/Milano,REGULAR/ARM CHAIR/ROCKING CHAIRS
1091,Tulips/White Lily/Lavender/Rose,,Velvet/Silk/Beles/Melville/Milano,REGULAR/FANBACK/ROCKING CHAIRS
1092,Golden Floral/White Lily/Lavender/Rose,,Melville/Milano/Beles,REGULAR/CLUB CHAIR/ROCKING CHAIRS
1093,Orchids/Voilet/Iris/Lavender/Rose,,Velvet/Silk/Beles/Melville/Milano,REGULAR/ARM CHAIR/ROCKING CHAIRS
1094,Beautiful Drapes/Orchids/Corn Flower/Rose,,Velvet/Silk/Beles/Melville/Milano,REGULAR/FANBACK/ROCKING CHAIRS
1095,Red Rose/Voilet/Iris/Lavender/Rose,,Beles/Melville/Milano,REGULAR/CLUB CHAIR/ROCKING CHAIRS
1096,Voilet/Iris/Lavender/Rose,,Velvet/Silk/Beles/Melville/Milano,REGULAR/ARM CHAIR/ROCKING CHAIRS
1097,Arum Lily/White Lily/Lavender/Rose,,Melville/Milano/Beles,REGULAR/FANBACK/ROCKING CHAIRS
1098,Daisy /White Lily/Lavender/Rose,,Velvet/Silk/Beles/Melville/Milano,REGULAR/CLUB CHAIR/ROCKING CHAIRS
1099,Tulips/White Lily/Lavender/Rose,,Beles/Melville/Milano,REGULAR/ARM CHAIR/ROCKING CHAIRS
1100,Red Rose/Voilet/Iris/Lavender/Rose,,Velvet/Silk/Beles/Melville/Milano,REGULAR/FANBACK/ROCKING CHAIRS
1101,Voilet/Iris/Lavender/Rose,,Melville/Milano/Beles,REGULAR/CLUB CHAIR/ROCKING CHAIRS
1102,Arum Lily/White Lily/Lavender/Rose,,Melville/Milano/Beles,REGULAR/ARM CHAIR/ROCKING CHAIRS
1103,Daisy /White Lily/Lavender/Rose,,Velvet/Silk/Beles/Melville/Milano,REGULAR/FANBACK/ROCKING CHAIRS
1104,Tulips/White Lily/Lavender/Rose,,Velvet/Silk/Beles/Melville/Milano,REGULAR/CLUB CHAIR/ROCKING CHAIRS
1105,Red Rose/Voilet/Iris/Lavender/Rose,,Beles/Melville/Milano,REGULAR/ARM CHAIR/ROCKING CHAIRS
1106,Voilet/Iris/Lavender/Rose,,Velvet/Silk/Beles/Melville/Milano,REGULAR/FANBACK/ROCKING CHAIRS
1107,Arum Lily/White Lily/Lavender/Rose,,Melville/Milano/Beles,REGULAR/CLUB CHAIR/ROCKING CHAIRS
1108,Daisy /White Lily/Lavender/Rose,,Beles/Melville/Milano,REGULAR/ARM CHAIR/ROCKING CHAIRS
1109,Tulips/White Lily/Lavender/Rose,,Velvet/Silk/Beles/Melville/Milano,REGULAR/FANBACK/ROCKING CHAIRS
1110,Red Rose/Voilet/Iris/Lavender/Rose,,Melville/Milano/Beles,REGULAR/CLUB CHAIR/ROCKING CHAIRS
1111,Voilet/Iris/Lavender/Rose,,Velvet/Silk/Beles/Melville/Milano,REGULAR/ARM CHAIR/ROCKING CHAIRS
1112,Arum Lily/White Lily/Lavender/Rose,,Velvet/Silk/Beles/Melville/Milano,REGULAR/FANBACK/ROCKING CHAIRS
1113,Daisy /White Lily/Lavender/Rose,,Beles/Melville/Milano,REGULAR/CLUB CHAIR/ROCKING CHAIRS
1114,Tulips/White Lily/Lavender/Rose,,Velvet/Silk/Beles/Melville/Milano,REGULAR/ARM CHAIR/ROCKING CHAIRS
1115,Red Rose/Voilet/Iris/Lavender/Rose,,Melville/Milano/Beles,REGULAR/FANBACK/ROCKING CHAIRS
1116,Voilet/Iris/Lavender/Rose,,Beles/Melville/Milano,REGULAR/CLUB CHAIR/ROCKING CHAIRS
1117,Arum Lily/White Lily/Lavender/Rose,,Velvet/Silk/Beles/Melville/Milano,REGULAR/ARM CHAIR/ROCKING CHAIRS
1118,Daisy /White Lily/Lavender/Rose,,Melville/Milano/Beles,REGULAR/FANBACK/ROCKING CHAIRS
1119,Tulips/White Lily/Lavender/Rose,,Velvet/Silk/Beles/Melville/Milano,REGULAR/CLUB CHAIR/ROCKING CHAIRS
1120,Red Rose/Voilet/Iris/Lavender/Rose,,Beles/Melville/Milano,REGULAR/ARM CHAIR/ROCKING CHAIRS
1121,Voilet/Iris/Lavender/Rose,,Velvet/Silk/Beles/Melville/Milano,REGULAR/FANBACK/ROCKING CHAIRS
1122,Arum Lily/White Lily/Lavender/Rose,,Melville/Milano/Beles,REGULAR/CLUB CHAIR/ROCKING CHAIRS
1123,Daisy /White Lily/Lavender/Rose,,Melville/Milano/Beles,REGULAR/ARM CHAIR/ROCKING CHAIRS
1124,Tulips/White Lily/Lavender/Rose,,Velvet/Silk/Beles/Melville/Milano,REGULAR/FANBACK/ROCKING CHAIRS
1125,Orchids/Voilet/Iris/Lavender/Rose,,Velvet/Silk/Beles/Melville/Milano,REGULAR/CLUB CHAIR/ROCKING CHAIRS
1126,Beautiful Drapes/Orchids/Corn Flower/Rose,,Velvet/Silk/Beles/Melville/Milano,REGULAR/ARM CHAIR/ROCKING CHAIRS
1127,Red Rose/Voilet/Iris/Lavender/Rose,,Beles/Melville/Milano,REGULAR/FANBACK/ROCKING CHAIRS
1128,Voilet/Iris/Lavender/Rose,,Velvet/Silk/Beles/Melville/Milano,REGULAR/CLUB CHAIR/ROCKING CHAIRS
1129,Arum Lily/White Lily/Lavender/Rose,,Melville/Milano/Beles,REGULAR/ARM CHAIR/ROCKING CHAIRS
1130,Daisy /White Lily/Lavender/Rose,,Velvet/Silk/Beles/Melville/Milano,REGULAR/FANBACK/ROCKING CHAIRS
1131,Tulips/White Lily/Lavender/Rose,,Velvet/Silk/Beles/Melville/Milano,REGULAR/CLUB CHAIR/ROCKING CHAIRS
1132,Red Rose/Voilet/Iris/Lavender/Rose,,Velvet/Silk/Beles/Melville/Milano,REGULAR/ARM CHAIR/ROCKING CHAIRS
1133,Voilet/Iris/Lavender/Rose,,Velvet/Silk/Beles/Melville/Milano,REGULAR/FANBACK/ROCKING CHAIRS
1134,Arum Lily/White Lily/Lavender/Rose,,Velvet/Silk/Beles/Melville/Milano,REGULAR/CLUB CHAIR/ROCKING CHAIRS
1135,Daisy /White Lily/Lavender/Rose,,Beles/Melville/Milano,REGULAR/ARM CHAIR/ROCKING CHAIRS
1136,Tulips/White Lily/Lavender/Rose,,Velvet/Silk/Beles/Melville/Milano,REGULAR/FANBACK/ROCKING CHAIRS
1137,Red Rose/Voilet/Iris/Lavender/Rose,,Velvet/Silk/Beles/Melville/Milano,REGULAR/CLUB CHAIR/ROCKING CHAIRS
1138,Voilet/Iris/Lavender/Rose,,Beles/Melville/Milano,REGULAR/ARM CHAIR/ROCKING CHAIRS
1139,Arum Lily/White Lily/Lavender/Rose,,Velvet/Silk/Beles/Melville/Milano,REGULAR/FANBACK/ROCKING CHAIRS
1140,Daisy /White Lily/Lavender/Rose,,Melville/Milano/Beles,REGULAR/CLUB CHAIR/ROCKING CHAIRS
1141,Tulips/White Lily/Lavender/Rose,,Velvet/Silk/Beles/Melville/Milano,REGULAR/ARM CHAIR/ROCKING CHAIRS
1142,Tulips/White Lily/Lavender/Rose,,Beles/Melville/Milano,REGULAR/FANBACK/ROCKING CHAIRS
1143,Golden Floral/White Lily/Lavender/Rose,,Velvet/Silk/Beles/Melville/Milano,REGULAR/CLUB CHAIR/ROCKING CHAIRS
1144,Orchids/Voilet/Iris/Lavender/Rose,,Melville/Milano/Beles,REGULAR/ARM CHAIR/ROCKING CHAIRS
1145,Beautiful Drapes/Orchids/Corn Flower/Rose,,Melville/Milano/Beles,REGULAR/FANBACK/ROCKING CHAIRS
1146,Red Rose/Voilet/Iris/Lavender/Rose,,Velvet/Silk/Beles/Melville/Milano,REGULAR/CLUB CHAIR/ROCKING CHAIRS
1147,Voilet/Iris/Lavender/Rose,,Beles/Melville/Milano,REGULAR/ARM CHAIR/ROCKING CHAIRS
1148,Arum Lily/White Lily/Lavender/Rose,,Velvet/Silk/Beles/Melville/Milano,REGULAR/FANBACK/ROCKING CHAIRS
1149,Daisy /White Lily/Lavender/Rose,,Beles/Melville/Milano,REGULAR/CLUB CHAIR/ROCKING CHAIRS
1150,Tulips/White Lily/Lavender/Rose,,Velvet/Silk/Beles/Melville/Milano,REGULAR/ARM CHAIR/ROCKING CHAIRS
1151,Red Rose/Voilet/Iris/Lavender/Rose,,Melville/Milano/Beles,REGULAR/FANBACK/ROCKING CHAIRS
1152,Voilet/Iris/Lavender/Rose,,Velvet/Silk/Beles/Melville/Milano,REGULAR/CLUB CHAIR/ROCKING CHAIRS
1153,Arum Lily/White Lily/Lavender/Rose,,Melville/Milano/Beles,REGULAR/ARM CHAIR/ROCKING CHAIRS
1154,Daisy /White Lily/Lavender/Rose,,Velvet/Silk/Beles/Melville/Milano,REGULAR/FANBACK/ROCKING CHAIRS
1155,Tulips/White Lily/Lavender/Rose,,Velvet/Silk/Beles/Melville/Milano,REGULAR/CLUB CHAIR/ROCKING CHAIRS
1156,Orchids/Voilet/Iris/Lavender/Rose,,Beles/Melville/Milano,REGULAR/ARM CHAIR/ROCKING CHAIRS
1157,Beautiful Drapes/Orchids/Corn Flower/Rose,,Velvet/Silk/Beles/Melville/Milano,REGULAR/FANBACK/ROCKING CHAIRS
1158,Red Rose/Voilet/Iris/Lavender/Rose,,Melville/Milano/Beles,REGULAR/CLUB CHAIR/ROCKING CHAIRS
1159,Voilet/Iris/Lavender/Rose,,Velvet/Silk/Beles/Melville/Milano,REGULAR/ARM CHAIR/ROCKING CHAIRS
1160,Arum Lily/White Lily/Lavender/Rose,,Velvet/Silk/Beles/Melville/Milano,REGULAR/FANBACK/ROCKING CHAIRS
1161,Daisy /White Lily/Lavender/Rose,,Beles/Melville/Milano,REGULAR/CLUB CHAIR/ROCKING CHAIRS
1162,Tulips/White Lily/Lavender/Rose,,Velvet/Silk/Beles/Melville/Milano,REGULAR/ARM CHAIR/ROCKING CHAIRS
1163,Tulips/White Lily/Lavender/Rose,,Melville/Milano/Beles,REGULAR/FANBACK/ROCKING CHAIRS
1164,Golden Floral/White Lily/Lavender/Rose,,Velvet/Silk/Beles/Melville/Milano,REGULAR/CLUB CHAIR/ROCKING CHAIRS
1165,Orchids/Voilet/Iris/Lavender/Rose,,Beles/Melville/Milano,REGULAR/ARM CHAIR/ROCKING CHAIRS
1166,Beautiful Drapes/Orchids/Corn Flower/Rose,,Velvet/Silk/Beles/Melville/Milano,REGULAR/FANBACK/ROCKING CHAIRS
1167,Red Rose/Voilet/Iris/Lavender/Rose,,Velvet/Silk/Beles/Melville/Milano,REGULAR/CLUB CHAIR/ROCKING CHAIRS
1168,Voilet/Iris/Lavender/Rose,,Beles/Melville/Milano,REGULAR/ARM CHAIR/ROCKING CHAIRS
1169,Arum Lily/White Lily/Lavender/Rose,,Velvet/Silk/Beles/Melville/Milano,REGULAR/FANBACK/ROCKING CHAIRS
1170,Daisy /White Lily/Lavender/Rose,,Melville/Milano/Beles,REGULAR/CLUB CHAIR/ROCKING CHAIRS
1171,Tulips/White Lily/Lavender/Rose,,Velvet/Silk/Beles/Melville/Milano,REGULAR/ARM CHAIR/ROCKING CHAIRS
1172,Beautiful Drapes/Orchids/Corn Flower/Rose,,Melville/Milano/Beles,REGULAR/FANBACK/ROCKING CHAIRS
1173,Red Rose/Voilet/Iris/Lavender/Rose,,Velvet/Silk/Beles/Melville/Milano,REGULAR/CLUB CHAIR/ROCKING CHAIRS
1174,Voilet/Iris/Lavender/Rose,,Velvet/Silk/Beles/Melville/Milano,REGULAR/ARM CHAIR/ROCKING CHAIRS
1175,Arum Lily/White Lily/Lavender/Rose,,Beles/Melville/Milano,REGULAR/FANBACK/ROCKING CHAIRS
1176,Daisy /White Lily/Lavender/Rose,,Velvet/Silk/Beles/Melville/Milano,REGULAR/CLUB CHAIR/ROCKING CHAIRS
1177,Tulips/White Lily/Lavender/Rose,,Beles/Melville/Milano,REGULAR/ARM CHAIR/ROCKING CHAIRS
1178,Tulips/White Lily/Lavender/Rose,,Velvet/Silk/Beles/Melville/Milano,REGULAR/FANBACK/ROCKING CHAIRS
1179,Golden Floral/White Lily/Lavender/Rose,,Melville/Milano/Beles,REGULAR/CLUB CHAIR/ROCKING CHAIRS
1180,Orchids/Voilet/Iris/Lavender/Rose,,Beles/Melville/Milano,REGULAR/ARM CHAIR/ROCKING CHAIRS
1181,Beautiful Drapes/Orchids/Corn Flower/Rose,,Velvet/Silk/Beles/Melville/Milano,REGULAR/FANBACK/ROCKING CHAIRS
1182,Red Rose/Voilet/Iris/Lavender/Rose,,Melville/Milano/Beles,REGULAR/CLUB CHAIR/ROCKING CHAIRS
1183,Voilet/Iris/Lavender/Rose,,Melville/Milano/Beles,REGULAR/ARM CHAIR/ROCKING CHAIRS
1184,Arum Lily/White Lily/Lavender/Rose,,Velvet/Silk/Beles/Melville/Milano,REGULAR/FANBACK/ROCKING CHAIRS
1185,Daisy /White Lily/Lavender/Rose,,Velvet/Silk/Beles/Melville/Milano,REGULAR/CLUB CHAIR/ROCKING CHAIRS
1186,Tulips/White Lily/Lavender/Rose,,Beles/Melville/Milano,REGULAR/ARM CHAIR/ROCKING CHAIRS
1187,Arum Lily/White Lily/Lavender/Rose,,Velvet/Silk/Beles/Melville/Milano,REGULAR/FANBACK/ROCKING CHAIRS
1188,Daisy /White Lily/Lavender/Rose,,Melville/Milano/Beles,REGULAR/CLUB CHAIR/ROCKING CHAIRS
1189,Tulips/White Lily/Lavender/Rose,,Melville/Milano/Beles,REGULAR/ARM CHAIR/ROCKING CHAIRS
1190,Tulips/White Lily/Lavender/Rose,,Velvet/Silk/Beles/Melville/Milano,REGULAR/FANBACK/ROCKING CHAIRS
1191,Golden Floral/White Lily/Lavender/Rose,,Beles/Melville/Milano,REGULAR/CLUB CHAIR/ROCKING CHAIRS
1192,Orchids/Voilet/Iris/Lavender/Rose,,Velvet/Silk/Beles/Melville/Milano,REGULAR/ARM CHAIR/ROCKING CHAIRS
1193,Beautiful Drapes/Orchids/Corn Flower/Rose,,Melville/Milano/Beles,REGULAR/FANBACK/ROCKING CHAIRS
1194,Red Rose/Voilet/Iris/Lavender/Rose,,Melville/Milano/Beles,REGULAR/CLUB CHAIR/ROCKING CHAIRS
1195,Voilet/Iris/Lavender/Rose,,Velvet/Silk/Beles/Melville/Milano,REGULAR/ARM CHAIR/ROCKING CHAIRS
1196,Arum Lily/White Lily/Lavender/Rose,,Beles/Melville/Milano,REGULAR/FANBACK/ROCKING CHAIRS
1197,Daisy /White Lily/Lavender/Rose,,Velvet/Silk/Beles/Melville/Milano,REGULAR/CLUB CHAIR/ROCKING CHAIRS
1198,Tulips/White Lily/Lavender/Rose,,Melville/Milano/Beles,REGULAR/ARM CHAIR/ROCKING CHAIRS
1199,Beautiful Drapes/Orchids/Corn Flower/Rose,,Velvet/Silk/Beles/Melville/Milano,REGULAR/FANBACK/ROCKING CHAIRS
